{
  "model": "Logistic Regression",
  "best_params": {
    "model__C": 0.1,
    "model__max_iter": 1000,
    "model__solver": "liblinear"
  },
  "best_threshold": 0.7000000000000001,
  "best_cv_roc_auc": 0.750217059072705,
  "accuracy": 0.7221125370187562,
  "precision": 0.31521739130434784,
  "recall": 0.6246153846153846,
  "f1": 0.41898864809081526,
  "roc_auc": 0.722617464839687,
  "confusion_matrix": [
    [
      1260,
      441
    ],
    [
      122,
      203
    ]
  ]
}