{
  "model": "Naive Bayes",
  "best_params": {
    "model__var_smoothing": 1.0
  },
  "best_cv_roc_auc": 0.7401869764712172,
  "accuracy": 0.3366238894373149,
  "precision": 0.18684695759065764,
  "recall": 0.9353846153846154,
  "f1": 0.3114754098360656,
  "roc_auc": 0.7126721837832948,
  "confusion_matrix": [
    [
      378,
      1323
    ],
    [
      21,
      304
    ]
  ]
}