{
  "model": "Random Forest",
  "best_params": {
    "model__max_depth": 5,
    "model__n_estimators": 500
  },
  "best_cv_roc_auc": 0.8580082430665339,
  "accuracy": 0.6722606120434353,
  "precision": 0.3122923588039867,
  "recall": 0.8676923076923077,
  "f1": 0.4592833876221498,
  "roc_auc": 0.844931940487496,
  "confusion_matrix": [
    [
      1080,
      621
    ],
    [
      43,
      282
    ]
  ]
}