{
  "model": "SVM",
  "best_params": {
    "model__C": 10,
    "model__gamma": "scale",
    "model__kernel": "rbf"
  },
  "best_cv_roc_auc": 0.7633851579016869,
  "accuracy": 0.6826258637709773,
  "precision": 0.3056234718826406,
  "recall": 0.7692307692307693,
  "f1": 0.4374453193350831,
  "roc_auc": 0.76226473115362,
  "confusion_matrix": [
    [
      1133,
      568
    ],
    [
      75,
      250
    ]
  ]
}