{
  "model": "xgboost",
  "params": {
    "n_estimators": 300,
    "learning_rate": 0.05,
    "max_depth": 6,
    "scale_pos_weight": 1.0,
    "random_state": 42
  },
  "accuracy": 0.9229411764705883,
  "precision": 0.9289976133651552,
  "recall": 0.9158823529411765,
  "f1": 0.92239336492891,
  "roc_auc": 0.9754612456747405,
  "confusion_matrix": [
    [
      1581,
      119
    ],
    [
      143,
      1557
    ]
  ]
}